{"cameraMode":{"drawMode":0,"name":"Shaded","section":"Shading Mode"},"sceneLighting":false,"audioPlay":false,"sceneViewState":{"showFog":false,"showMaterialUpdate":false,"showSkybox":false,"showFlares":false,"showImageEffects":false,"showParticleSystems":false},"in2DMode":false,"pivot":{"x":5.828094959259033,"y":5.22053337097168,"z":2.7893054485321047},"rotation":{"x":0.26653191447257998,"y":-0.2419322282075882,"z":0.06930757313966751,"w":0.9303960204124451},"size":22.011533737182618,"orthographic":false}