{"cameraMode":{"drawMode":0,"name":"Shaded","section":"Shading Mode"},"sceneLighting":false,"audioPlay":false,"sceneViewState":{"showFog":false,"showMaterialUpdate":false,"showSkybox":false,"showFlares":false,"showImageEffects":false,"showParticleSystems":false},"in2DMode":false,"pivot":{"x":0.3327710032463074,"y":2.481773853302002,"z":0.7937840223312378},"rotation":{"x":0.23233716189861298,"y":-0.5515506267547607,"z":0.16338974237442017,"w":0.7842990159988403},"size":5.146636486053467,"orthographic":false}